URL_ID,URL,POSITIVE SCORE,NEGATIVE SCORE,POLARITY SCORE,SUBJECTIVITY SCORE,AVG SENTENCE LENGTH,PERCENTAGE OF COMPLEX WORDS,FOG INDEX,AVG NUMBER OF WORDS PER SENTENCE,COMPLEX WORD COUNT,WORD COUNT,SYLLABLE PER WORD,PERSONAL PRONOUNS,AVG WORD LENGTH
1,hidden_for_purpose,4.0,4.0,0.0,0.01891252950611695,40.0,20.0,24.0,40.0,144.0,430.0,1.6597222222222223,13.0,5.0152777777777775
2,hidden_for_purpose,8.0,6.0,0.14285713265306196,0.036745406727702344,31.4,24.681528662420384,22.432611464968154,31.4,155.0,379.0,1.7961783439490446,16.0,5.342356687898089
3,hidden_for_purpose,31.0,18.0,0.2653061170345691,0.04780487800214158,45.43589743589744,25.564334085778782,28.40009260867049,45.43589743589744,453.0,1051.0,1.742099322799097,41.0,5.3775395033860045
4,hidden_for_purpose,6.0,1.0,0.7142856122449125,0.027237353979621192,31.714285714285715,27.027027027027028,23.496525096525097,31.714285714285715,120.0,258.0,1.8581081081081081,6.0,5.252252252252252
